{"cameraMode":{"drawMode":0,"name":"Shaded","section":"Shading Mode"},"sceneLighting":true,"audioPlay":false,"sceneViewState":{"m_AlwaysRefresh":false,"showFog":true,"showSkybox":true,"showFlares":true,"showImageEffects":true,"showParticleSystems":true,"showVisualEffectGraphs":true,"m_FxEnabled":true},"in2DMode":false,"pivot":{"x":5.3311686515808109,"y":1.6617847681045533,"z":-0.972306489944458},"rotation":{"x":0.08235974609851837,"y":0.7501429915428162,"z":-0.0949450358748436,"w":0.649503767490387},"size":0.12253836542367935,"orthographic":false}