{"cameraMode":{"drawMode":0,"name":"Shaded","section":"Shading Mode"},"sceneLighting":false,"audioPlay":false,"sceneViewState":{"m_AlwaysRefresh":false,"showFog":true,"showSkybox":false,"showFlares":true,"showImageEffects":true,"showParticleSystems":true,"showVisualEffectGraphs":true,"m_FxEnabled":true},"in2DMode":false,"pivot":{"x":0.1525202989578247,"y":0.8499032855033875,"z":0.18949168920516969},"rotation":{"x":-0.14426229894161225,"y":-0.6620396971702576,"z":0.1320342719554901,"w":-0.7236552238464356},"size":1.3710694313049317,"orthographic":false}