{"cameraMode":{"drawMode":0,"name":"Shaded","section":"Shading Mode"},"sceneLighting":false,"audioPlay":false,"sceneViewState":{"m_AlwaysRefresh":false,"showFog":true,"showSkybox":false,"showFlares":true,"showImageEffects":true,"showParticleSystems":true,"showVisualEffectGraphs":true,"m_FxEnabled":true},"in2DMode":false,"pivot":{"x":-0.029298856854438783,"y":0.04849158227443695,"z":0.0025867819786071779},"rotation":{"x":-0.14426229894161225,"y":-0.6620396971702576,"z":0.1320342719554901,"w":-0.7236552238464356},"size":0.3579457104206085,"orthographic":false}